field_slug,field_name,occupation_code,occupation_title,score,keywords,sample_programs
agriculture-agribusiness,Agriculture & Agribusiness,51-3099.00,"Food Processing Workers, All Other",8.000,agribusiness agricultural extension agriculture horticulture food biotechnology dry land enterprise nutrition human ecology agroforestry rural agronomy sugar agro processing,"BACHELOR OF AGRICULTURAL EDUCATION & EXTENSION | BACHELOR OF SCIENCE (AGRICULTURE) | BACHELOR OF SCIENCE (HORTICULTURE, WITH IT) | BACHELOR OF SCIENCE (FOOD SCIENCE & TECHNOLOGY) | BACHELOR OF SCIENCE (AGRICULTURAL EXTENSION EDUCATION) | BACHELOR OF SCIENCE (AGRICULTURAL BIOTECHNOLOGY) | BACHELOR OF SCIENCE (DRY LAND, AGRICULTURE & ENTERPRISE DEVELOPMENT) | BACHELOR OF EDUCATION (AGRICULTURAL EDUCATION) | BACHELOR OF SCIENCE (FOOD SCIENCE & NUTRITION) | BACHELOR OF SCIENCE (AGRICULTURAL EDUCATION AND EXTENSION)"
agriculture-agribusiness,Agriculture & Agribusiness,19-1012.00,Food Scientists and Technologists,6.000,agribusiness agricultural extension agriculture horticulture food biotechnology dry land enterprise nutrition human ecology agroforestry rural agronomy sugar agro processing,"BACHELOR OF AGRICULTURAL EDUCATION & EXTENSION | BACHELOR OF SCIENCE (AGRICULTURE) | BACHELOR OF SCIENCE (HORTICULTURE, WITH IT) | BACHELOR OF SCIENCE (FOOD SCIENCE & TECHNOLOGY) | BACHELOR OF SCIENCE (AGRICULTURAL EXTENSION EDUCATION) | BACHELOR OF SCIENCE (AGRICULTURAL BIOTECHNOLOGY) | BACHELOR OF SCIENCE (DRY LAND, AGRICULTURE & ENTERPRISE DEVELOPMENT) | BACHELOR OF EDUCATION (AGRICULTURAL EDUCATION) | BACHELOR OF SCIENCE (FOOD SCIENCE & NUTRITION) | BACHELOR OF SCIENCE (AGRICULTURAL EDUCATION AND EXTENSION)"
architecture,Architecture,25-1031.00,"Architecture Teachers, Postsecondary",6.000,architecture architectural landscape,BACHELOR OF ARCHITECTURAL STUDIES/BACHELOR OF ARCHITECTURE | BACHELOR OF LANDSCAPE ARCHITECTURE
arts-humanities,Arts & Humanities,25-1121.00,"Art, Drama, and Music Teachers, Postsecondary",9.000,humanities arts psychology counselling criminology security economics sociology international relations theology geography political administration social work environmental kiswahili gender diplomacy literature music mass guidance drama,"BACHELOR OF EDUCATION (ARTS, WITH IT) | BACHELOR OF ARTS (COUNSELLING PSYCHOLOGY) | BACHELOR OF ARTS (CRIMINOLOGY & SECURITY STUDIES) | BACHELOR OF ARTS | BACHELOR OF ARTS (COMMUNITY DEVELOPMENT) | BACHELOR OF ARTS (DEVELOPMENT STUDIES, WITH IT) | BACHELOR OF ARTS (ECONOMICS, WITH IT) | BACHELOR OF ARTS IN THEOLOGY | BACHELOR OF ARTS (GEOGRAPHY) | BACHELOR OF ARTS (POLITICAL SCIENCE & PUBLIC ADMINISTRATION)"
arts-humanities,Arts & Humanities,25-1113.00,"Social Work Teachers, Postsecondary",8.000,humanities arts psychology counselling criminology security economics sociology international relations theology geography political administration social work environmental kiswahili gender diplomacy literature music mass guidance drama,"BACHELOR OF EDUCATION (ARTS, WITH IT) | BACHELOR OF ARTS (COUNSELLING PSYCHOLOGY) | BACHELOR OF ARTS (CRIMINOLOGY & SECURITY STUDIES) | BACHELOR OF ARTS | BACHELOR OF ARTS (COMMUNITY DEVELOPMENT) | BACHELOR OF ARTS (DEVELOPMENT STUDIES, WITH IT) | BACHELOR OF ARTS (ECONOMICS, WITH IT) | BACHELOR OF ARTS IN THEOLOGY | BACHELOR OF ARTS (GEOGRAPHY) | BACHELOR OF ARTS (POLITICAL SCIENCE & PUBLIC ADMINISTRATION)"
arts-humanities,Arts & Humanities,21-1093.00,Social and Human Service Assistants,6.000,humanities arts psychology counselling criminology security economics sociology international relations theology geography political administration social work environmental kiswahili gender diplomacy literature music mass guidance drama,"BACHELOR OF EDUCATION (ARTS, WITH IT) | BACHELOR OF ARTS (COUNSELLING PSYCHOLOGY) | BACHELOR OF ARTS (CRIMINOLOGY & SECURITY STUDIES) | BACHELOR OF ARTS | BACHELOR OF ARTS (COMMUNITY DEVELOPMENT) | BACHELOR OF ARTS (DEVELOPMENT STUDIES, WITH IT) | BACHELOR OF ARTS (ECONOMICS, WITH IT) | BACHELOR OF ARTS IN THEOLOGY | BACHELOR OF ARTS (GEOGRAPHY) | BACHELOR OF ARTS (POLITICAL SCIENCE & PUBLIC ADMINISTRATION)"
arts-humanities,Arts & Humanities,25-1065.00,"Political Science Teachers, Postsecondary",6.000,humanities arts psychology counselling criminology security economics sociology international relations theology geography political administration social work environmental kiswahili gender diplomacy literature music mass guidance drama,"BACHELOR OF EDUCATION (ARTS, WITH IT) | BACHELOR OF ARTS (COUNSELLING PSYCHOLOGY) | BACHELOR OF ARTS (CRIMINOLOGY & SECURITY STUDIES) | BACHELOR OF ARTS | BACHELOR OF ARTS (COMMUNITY DEVELOPMENT) | BACHELOR OF ARTS (DEVELOPMENT STUDIES, WITH IT) | BACHELOR OF ARTS (ECONOMICS, WITH IT) | BACHELOR OF ARTS IN THEOLOGY | BACHELOR OF ARTS (GEOGRAPHY) | BACHELOR OF ARTS (POLITICAL SCIENCE & PUBLIC ADMINISTRATION)"
built-environment-construction,Built Environment & Construction,11-9141.00,"Property, Real Estate, and Community Association Managers",8.000,environment built building construction quantity surveying real estate urban regional,BACHELOR OF TECHNOLOGY (BUILDING CONSTRUCTION) | BACHELOR OF QUANTITY SURVEYING | BACHELOR OF REAL ESTATE | BACHELOR OF URBAN AND REGIONAL PLANNING
built-environment-construction,Built Environment & Construction,13-2023.00,Appraisers and Assessors of Real Estate,8.000,environment built building construction quantity surveying real estate urban regional,BACHELOR OF TECHNOLOGY (BUILDING CONSTRUCTION) | BACHELOR OF QUANTITY SURVEYING | BACHELOR OF REAL ESTATE | BACHELOR OF URBAN AND REGIONAL PLANNING
built-environment-construction,Built Environment & Construction,41-9021.00,Real Estate Brokers,8.000,environment built building construction quantity surveying real estate urban regional,BACHELOR OF TECHNOLOGY (BUILDING CONSTRUCTION) | BACHELOR OF QUANTITY SURVEYING | BACHELOR OF REAL ESTATE | BACHELOR OF URBAN AND REGIONAL PLANNING
built-environment-construction,Built Environment & Construction,41-9022.00,Real Estate Sales Agents,8.000,environment built building construction quantity surveying real estate urban regional,BACHELOR OF TECHNOLOGY (BUILDING CONSTRUCTION) | BACHELOR OF QUANTITY SURVEYING | BACHELOR OF REAL ESTATE | BACHELOR OF URBAN AND REGIONAL PLANNING
built-environment-construction,Built Environment & Construction,47-4011.00,Construction and Building Inspectors,7.000,environment built building construction quantity surveying real estate urban regional,BACHELOR OF TECHNOLOGY (BUILDING CONSTRUCTION) | BACHELOR OF QUANTITY SURVEYING | BACHELOR OF REAL ESTATE | BACHELOR OF URBAN AND REGIONAL PLANNING
built-environment-construction,Built Environment & Construction,19-3051.00,Urban and Regional Planners,6.000,environment built building construction quantity surveying real estate urban regional,BACHELOR OF TECHNOLOGY (BUILDING CONSTRUCTION) | BACHELOR OF QUANTITY SURVEYING | BACHELOR OF REAL ESTATE | BACHELOR OF URBAN AND REGIONAL PLANNING
business-management,Business & Management,13-1082.00,Project Management Specialists,8.000,management business commerce hospitality tourism human hotel agri procurement project analytical chemistry entreprenuership small animal natural purchasing supplies logistics supply chain eco-tourism institution environmental agribusiness,BACHELOR OF COMMERCE | BACHELOR OF BUSINESS AND MANAGEMENT | BACHELOR OF HUMAN RESOURCE MANAGEMENT | BACHELOR OF SCIENCE (AGRI BUSINESS MANAGEMENT) | BACHELOR OF PROJECT PLANNING AND MANAGEMENT | BACHELOR OF SCIENCE (ANALYTICAL CHEMISTRY WITH MANAGEMENT) | BACHELOR OF ENTREPRENUERSHIP & SMALL BUSINESS MANAGEMENT | BACHELOR OF HOSPITALITY AND TOURISM MANAGEMENT | BACHELOR OF SCIENCE (TOURISM MANAGEMENT) | BACHELOR OF SCIENCE IN HEALTH SYSTEMS MANAGEMENT
business-management,Business & Management,11-3071.04,Supply Chain Managers,7.000,management business commerce hospitality tourism human hotel agri procurement project analytical chemistry entreprenuership small animal natural purchasing supplies logistics supply chain eco-tourism institution environmental agribusiness,BACHELOR OF COMMERCE | BACHELOR OF BUSINESS AND MANAGEMENT | BACHELOR OF HUMAN RESOURCE MANAGEMENT | BACHELOR OF SCIENCE (AGRI BUSINESS MANAGEMENT) | BACHELOR OF PROJECT PLANNING AND MANAGEMENT | BACHELOR OF SCIENCE (ANALYTICAL CHEMISTRY WITH MANAGEMENT) | BACHELOR OF ENTREPRENUERSHIP & SMALL BUSINESS MANAGEMENT | BACHELOR OF HOSPITALITY AND TOURISM MANAGEMENT | BACHELOR OF SCIENCE (TOURISM MANAGEMENT) | BACHELOR OF SCIENCE IN HEALTH SYSTEMS MANAGEMENT
business-management,Business & Management,25-1011.00,"Business Teachers, Postsecondary",6.000,management business commerce hospitality tourism human hotel agri procurement project analytical chemistry entreprenuership small animal natural purchasing supplies logistics supply chain eco-tourism institution environmental agribusiness,BACHELOR OF COMMERCE | BACHELOR OF BUSINESS AND MANAGEMENT | BACHELOR OF HUMAN RESOURCE MANAGEMENT | BACHELOR OF SCIENCE (AGRI BUSINESS MANAGEMENT) | BACHELOR OF PROJECT PLANNING AND MANAGEMENT | BACHELOR OF SCIENCE (ANALYTICAL CHEMISTRY WITH MANAGEMENT) | BACHELOR OF ENTREPRENUERSHIP & SMALL BUSINESS MANAGEMENT | BACHELOR OF HOSPITALITY AND TOURISM MANAGEMENT | BACHELOR OF SCIENCE (TOURISM MANAGEMENT) | BACHELOR OF SCIENCE IN HEALTH SYSTEMS MANAGEMENT
communication-media,Communication & Media,27-3099.00,"Media and Communication Workers, All Other",8.000,media communication journalism relations mass telecommunication inform tech film animation broadcast graphic advertising,BACHELOR OF COMMUNICATION AND PUBLIC RELATIONS | BACHELOR OF JOURNALISM & MASS COMMUNICATION | BACHELOR OF COMMUNICATION & JOURNALISM | BACHELOR OF INFORMATION COMMUNICATION TECHNOLOGY | BACHELOR OF SCIENCE (TELECOMMUNICATION & INFORM. TECH) | BACHELOR OF COMMUNICATION AND MEDIA STUDIES | BACHELOR OF JOURNALISM | BACHELOR OF APPLIED COMMUNICATION | BACHELOR OF FILM AND ANIMATION STUDIES | BACHELOR OF SCIENCE IN TELECOMMUNICATION
communication-media,Communication & Media,27-4099.00,"Media and Communication Equipment Workers, All Other",8.000,media communication journalism relations mass telecommunication inform tech film animation broadcast graphic advertising,BACHELOR OF COMMUNICATION AND PUBLIC RELATIONS | BACHELOR OF JOURNALISM & MASS COMMUNICATION | BACHELOR OF COMMUNICATION & JOURNALISM | BACHELOR OF INFORMATION COMMUNICATION TECHNOLOGY | BACHELOR OF SCIENCE (TELECOMMUNICATION & INFORM. TECH) | BACHELOR OF COMMUNICATION AND MEDIA STUDIES | BACHELOR OF JOURNALISM | BACHELOR OF APPLIED COMMUNICATION | BACHELOR OF FILM AND ANIMATION STUDIES | BACHELOR OF SCIENCE IN TELECOMMUNICATION
computing-it,Computing & IT,17-3023.00,Electrical and Electronic Engineering Technologists and Technicians,8.000,it computer computing mathematics statistics security forensics software electronic data electrical,BACHELOR OF SCIENCE (COMPUTER SCIENCE | BACHELOR OF SCIENCE ( APPLIED STATISTICS WITH COMPUTING) | BACHELOR OF SCIENCE (MATHEMATICS & COMPUTER SCIENCE) | BACHELOR OF SCIENCE (COMPUTER SECURITY AND FORENSICS) | BACHELOR OF SCIENCE IN SOFTWARE ENGINEERING | BACHELOR OF SCIENCE (APPLIED COMPUTER SCIENCE) | BACHELOR OF SCIENCE (COMPUTER TECHNOLOGY) | BACHELOR OF SCIENCE (ELECTRONIC AND COMPUTER ENGINEERING) | BACHELOR OF SCIENCE (MATHEMATICS AND COMPUTING) | BACHELOR OF TECHNOLOGY (COMPUTER TECHNOLOGY)
computing-it,Computing & IT,51-2022.00,Electrical and Electronic Equipment Assemblers,8.000,it computer computing mathematics statistics security forensics software electronic data electrical,BACHELOR OF SCIENCE (COMPUTER SCIENCE | BACHELOR OF SCIENCE ( APPLIED STATISTICS WITH COMPUTING) | BACHELOR OF SCIENCE (MATHEMATICS & COMPUTER SCIENCE) | BACHELOR OF SCIENCE (COMPUTER SECURITY AND FORENSICS) | BACHELOR OF SCIENCE IN SOFTWARE ENGINEERING | BACHELOR OF SCIENCE (APPLIED COMPUTER SCIENCE) | BACHELOR OF SCIENCE (COMPUTER TECHNOLOGY) | BACHELOR OF SCIENCE (ELECTRONIC AND COMPUTER ENGINEERING) | BACHELOR OF SCIENCE (MATHEMATICS AND COMPUTING) | BACHELOR OF TECHNOLOGY (COMPUTER TECHNOLOGY)
computing-it,Computing & IT,15-1241.00,Computer Network Architects,7.000,it computer computing mathematics statistics security forensics software electronic data electrical,BACHELOR OF SCIENCE (COMPUTER SCIENCE | BACHELOR OF SCIENCE ( APPLIED STATISTICS WITH COMPUTING) | BACHELOR OF SCIENCE (MATHEMATICS & COMPUTER SCIENCE) | BACHELOR OF SCIENCE (COMPUTER SECURITY AND FORENSICS) | BACHELOR OF SCIENCE IN SOFTWARE ENGINEERING | BACHELOR OF SCIENCE (APPLIED COMPUTER SCIENCE) | BACHELOR OF SCIENCE (COMPUTER TECHNOLOGY) | BACHELOR OF SCIENCE (ELECTRONIC AND COMPUTER ENGINEERING) | BACHELOR OF SCIENCE (MATHEMATICS AND COMPUTING) | BACHELOR OF TECHNOLOGY (COMPUTER TECHNOLOGY)
computing-it,Computing & IT,11-3021.00,Computer and Information Systems Managers,6.000,it computer computing mathematics statistics security forensics software electronic data electrical,BACHELOR OF SCIENCE (COMPUTER SCIENCE | BACHELOR OF SCIENCE ( APPLIED STATISTICS WITH COMPUTING) | BACHELOR OF SCIENCE (MATHEMATICS & COMPUTER SCIENCE) | BACHELOR OF SCIENCE (COMPUTER SECURITY AND FORENSICS) | BACHELOR OF SCIENCE IN SOFTWARE ENGINEERING | BACHELOR OF SCIENCE (APPLIED COMPUTER SCIENCE) | BACHELOR OF SCIENCE (COMPUTER TECHNOLOGY) | BACHELOR OF SCIENCE (ELECTRONIC AND COMPUTER ENGINEERING) | BACHELOR OF SCIENCE (MATHEMATICS AND COMPUTING) | BACHELOR OF TECHNOLOGY (COMPUTER TECHNOLOGY)
computing-it,Computing & IT,15-1211.00,Computer Systems Analysts,6.000,it computer computing mathematics statistics security forensics software electronic data electrical,BACHELOR OF SCIENCE (COMPUTER SCIENCE | BACHELOR OF SCIENCE ( APPLIED STATISTICS WITH COMPUTING) | BACHELOR OF SCIENCE (MATHEMATICS & COMPUTER SCIENCE) | BACHELOR OF SCIENCE (COMPUTER SECURITY AND FORENSICS) | BACHELOR OF SCIENCE IN SOFTWARE ENGINEERING | BACHELOR OF SCIENCE (APPLIED COMPUTER SCIENCE) | BACHELOR OF SCIENCE (COMPUTER TECHNOLOGY) | BACHELOR OF SCIENCE (ELECTRONIC AND COMPUTER ENGINEERING) | BACHELOR OF SCIENCE (MATHEMATICS AND COMPUTING) | BACHELOR OF TECHNOLOGY (COMPUTER TECHNOLOGY)
computing-it,Computing & IT,15-1212.00,Information Security Analysts,6.000,it computer computing mathematics statistics security forensics software electronic data electrical,BACHELOR OF SCIENCE (COMPUTER SCIENCE | BACHELOR OF SCIENCE ( APPLIED STATISTICS WITH COMPUTING) | BACHELOR OF SCIENCE (MATHEMATICS & COMPUTER SCIENCE) | BACHELOR OF SCIENCE (COMPUTER SECURITY AND FORENSICS) | BACHELOR OF SCIENCE IN SOFTWARE ENGINEERING | BACHELOR OF SCIENCE (APPLIED COMPUTER SCIENCE) | BACHELOR OF SCIENCE (COMPUTER TECHNOLOGY) | BACHELOR OF SCIENCE (ELECTRONIC AND COMPUTER ENGINEERING) | BACHELOR OF SCIENCE (MATHEMATICS AND COMPUTING) | BACHELOR OF TECHNOLOGY (COMPUTER TECHNOLOGY)
computing-it,Computing & IT,15-1232.00,Computer User Support Specialists,6.000,it computer computing mathematics statistics security forensics software electronic data electrical,BACHELOR OF SCIENCE (COMPUTER SCIENCE | BACHELOR OF SCIENCE ( APPLIED STATISTICS WITH COMPUTING) | BACHELOR OF SCIENCE (MATHEMATICS & COMPUTER SCIENCE) | BACHELOR OF SCIENCE (COMPUTER SECURITY AND FORENSICS) | BACHELOR OF SCIENCE IN SOFTWARE ENGINEERING | BACHELOR OF SCIENCE (APPLIED COMPUTER SCIENCE) | BACHELOR OF SCIENCE (COMPUTER TECHNOLOGY) | BACHELOR OF SCIENCE (ELECTRONIC AND COMPUTER ENGINEERING) | BACHELOR OF SCIENCE (MATHEMATICS AND COMPUTING) | BACHELOR OF TECHNOLOGY (COMPUTER TECHNOLOGY)
computing-it,Computing & IT,15-1251.00,Computer Programmers,6.000,it computer computing mathematics statistics security forensics software electronic data electrical,BACHELOR OF SCIENCE (COMPUTER SCIENCE | BACHELOR OF SCIENCE ( APPLIED STATISTICS WITH COMPUTING) | BACHELOR OF SCIENCE (MATHEMATICS & COMPUTER SCIENCE) | BACHELOR OF SCIENCE (COMPUTER SECURITY AND FORENSICS) | BACHELOR OF SCIENCE IN SOFTWARE ENGINEERING | BACHELOR OF SCIENCE (APPLIED COMPUTER SCIENCE) | BACHELOR OF SCIENCE (COMPUTER TECHNOLOGY) | BACHELOR OF SCIENCE (ELECTRONIC AND COMPUTER ENGINEERING) | BACHELOR OF SCIENCE (MATHEMATICS AND COMPUTING) | BACHELOR OF TECHNOLOGY (COMPUTER TECHNOLOGY)
computing-it,Computing & IT,15-1299.05,Information Security Engineers,6.000,it computer computing mathematics statistics security forensics software electronic data electrical,BACHELOR OF SCIENCE (COMPUTER SCIENCE | BACHELOR OF SCIENCE ( APPLIED STATISTICS WITH COMPUTING) | BACHELOR OF SCIENCE (MATHEMATICS & COMPUTER SCIENCE) | BACHELOR OF SCIENCE (COMPUTER SECURITY AND FORENSICS) | BACHELOR OF SCIENCE IN SOFTWARE ENGINEERING | BACHELOR OF SCIENCE (APPLIED COMPUTER SCIENCE) | BACHELOR OF SCIENCE (COMPUTER TECHNOLOGY) | BACHELOR OF SCIENCE (ELECTRONIC AND COMPUTER ENGINEERING) | BACHELOR OF SCIENCE (MATHEMATICS AND COMPUTING) | BACHELOR OF TECHNOLOGY (COMPUTER TECHNOLOGY)
earth-sciences,Earth Sciences,25-1051.00,"Atmospheric, Earth, Marine, and Space Sciences Teachers, Postsecondary",7.000,sciences earth geology meteorology,BACHELOR OF SCIENCE (GEOLOGY) | BACHELOR OF SCIENCE (METEOROLOGY)
education,Education,25-2058.00,"Special Education Teachers, Secondary School",11.000,education early childhood special needs primary home physical music french secondary option christian ict library sports guidance counseling,"BACHELOR OF EDUCATION (SCIENCE, WITH IT) | BACHELOR OF EDUCATION (EARLY CHILDHOOD DEVELOPMENT) | BACHELOR OF EDUCATION (SPECIAL NEEDS EDUCATION, WITH IT) | BACHELOR OF EDUCATION (EARLY CHILDHOOD & PRIMARY EDUCATION) | BACHELOR OF EDUCATION (HOME SCIENCE AND TECHNOLOGY) | BACHELOR OF EDUCATION (PHYSICAL EDUCATION) | BACHELOR OF EDUCATION (TECHNOLOGY EDUCATION) | BACHELOR OF SCIENCE WITH EDUCATION | BACHELOR OF EDUCATION (FRENCH, WITH IT) | BACHELOR OF EDUCATION (SPECIAL NEEDS EDUCATION - SECONDARY OPTION)"
education,Education,25-9042.00,"Teaching Assistants, Preschool, Elementary, Middle, and Secondary School, Except Special Education",11.000,education early childhood special needs primary home physical music french secondary option christian ict library sports guidance counseling,"BACHELOR OF EDUCATION (SCIENCE, WITH IT) | BACHELOR OF EDUCATION (EARLY CHILDHOOD DEVELOPMENT) | BACHELOR OF EDUCATION (SPECIAL NEEDS EDUCATION, WITH IT) | BACHELOR OF EDUCATION (EARLY CHILDHOOD & PRIMARY EDUCATION) | BACHELOR OF EDUCATION (HOME SCIENCE AND TECHNOLOGY) | BACHELOR OF EDUCATION (PHYSICAL EDUCATION) | BACHELOR OF EDUCATION (TECHNOLOGY EDUCATION) | BACHELOR OF SCIENCE WITH EDUCATION | BACHELOR OF EDUCATION (FRENCH, WITH IT) | BACHELOR OF EDUCATION (SPECIAL NEEDS EDUCATION - SECONDARY OPTION)"
education,Education,25-2031.00,"Secondary School Teachers, Except Special and Career/Technical Education",10.000,education early childhood special needs primary home physical music french secondary option christian ict library sports guidance counseling,"BACHELOR OF EDUCATION (SCIENCE, WITH IT) | BACHELOR OF EDUCATION (EARLY CHILDHOOD DEVELOPMENT) | BACHELOR OF EDUCATION (SPECIAL NEEDS EDUCATION, WITH IT) | BACHELOR OF EDUCATION (EARLY CHILDHOOD & PRIMARY EDUCATION) | BACHELOR OF EDUCATION (HOME SCIENCE AND TECHNOLOGY) | BACHELOR OF EDUCATION (PHYSICAL EDUCATION) | BACHELOR OF EDUCATION (TECHNOLOGY EDUCATION) | BACHELOR OF SCIENCE WITH EDUCATION | BACHELOR OF EDUCATION (FRENCH, WITH IT) | BACHELOR OF EDUCATION (SPECIAL NEEDS EDUCATION - SECONDARY OPTION)"
education,Education,25-2059.01,Adapted Physical Education Specialists,9.000,education early childhood special needs primary home physical music french secondary option christian ict library sports guidance counseling,"BACHELOR OF EDUCATION (SCIENCE, WITH IT) | BACHELOR OF EDUCATION (EARLY CHILDHOOD DEVELOPMENT) | BACHELOR OF EDUCATION (SPECIAL NEEDS EDUCATION, WITH IT) | BACHELOR OF EDUCATION (EARLY CHILDHOOD & PRIMARY EDUCATION) | BACHELOR OF EDUCATION (HOME SCIENCE AND TECHNOLOGY) | BACHELOR OF EDUCATION (PHYSICAL EDUCATION) | BACHELOR OF EDUCATION (TECHNOLOGY EDUCATION) | BACHELOR OF SCIENCE WITH EDUCATION | BACHELOR OF EDUCATION (FRENCH, WITH IT) | BACHELOR OF EDUCATION (SPECIAL NEEDS EDUCATION - SECONDARY OPTION)"
education,Education,25-9043.00,"Teaching Assistants, Special Education",9.000,education early childhood special needs primary home physical music french secondary option christian ict library sports guidance counseling,"BACHELOR OF EDUCATION (SCIENCE, WITH IT) | BACHELOR OF EDUCATION (EARLY CHILDHOOD DEVELOPMENT) | BACHELOR OF EDUCATION (SPECIAL NEEDS EDUCATION, WITH IT) | BACHELOR OF EDUCATION (EARLY CHILDHOOD & PRIMARY EDUCATION) | BACHELOR OF EDUCATION (HOME SCIENCE AND TECHNOLOGY) | BACHELOR OF EDUCATION (PHYSICAL EDUCATION) | BACHELOR OF EDUCATION (TECHNOLOGY EDUCATION) | BACHELOR OF SCIENCE WITH EDUCATION | BACHELOR OF EDUCATION (FRENCH, WITH IT) | BACHELOR OF EDUCATION (SPECIAL NEEDS EDUCATION - SECONDARY OPTION)"
education,Education,25-2059.00,"Special Education Teachers, All Other",8.000,education early childhood special needs primary home physical music french secondary option christian ict library sports guidance counseling,"BACHELOR OF EDUCATION (SCIENCE, WITH IT) | BACHELOR OF EDUCATION (EARLY CHILDHOOD DEVELOPMENT) | BACHELOR OF EDUCATION (SPECIAL NEEDS EDUCATION, WITH IT) | BACHELOR OF EDUCATION (EARLY CHILDHOOD & PRIMARY EDUCATION) | BACHELOR OF EDUCATION (HOME SCIENCE AND TECHNOLOGY) | BACHELOR OF EDUCATION (PHYSICAL EDUCATION) | BACHELOR OF EDUCATION (TECHNOLOGY EDUCATION) | BACHELOR OF SCIENCE WITH EDUCATION | BACHELOR OF EDUCATION (FRENCH, WITH IT) | BACHELOR OF EDUCATION (SPECIAL NEEDS EDUCATION - SECONDARY OPTION)"
education,Education,11-9032.00,"Education Administrators, Kindergarten through Secondary",7.000,education early childhood special needs primary home physical music french secondary option christian ict library sports guidance counseling,"BACHELOR OF EDUCATION (SCIENCE, WITH IT) | BACHELOR OF EDUCATION (EARLY CHILDHOOD DEVELOPMENT) | BACHELOR OF EDUCATION (SPECIAL NEEDS EDUCATION, WITH IT) | BACHELOR OF EDUCATION (EARLY CHILDHOOD & PRIMARY EDUCATION) | BACHELOR OF EDUCATION (HOME SCIENCE AND TECHNOLOGY) | BACHELOR OF EDUCATION (PHYSICAL EDUCATION) | BACHELOR OF EDUCATION (TECHNOLOGY EDUCATION) | BACHELOR OF SCIENCE WITH EDUCATION | BACHELOR OF EDUCATION (FRENCH, WITH IT) | BACHELOR OF EDUCATION (SPECIAL NEEDS EDUCATION - SECONDARY OPTION)"
education,Education,25-2011.00,"Preschool Teachers, Except Special Education",7.000,education early childhood special needs primary home physical music french secondary option christian ict library sports guidance counseling,"BACHELOR OF EDUCATION (SCIENCE, WITH IT) | BACHELOR OF EDUCATION (EARLY CHILDHOOD DEVELOPMENT) | BACHELOR OF EDUCATION (SPECIAL NEEDS EDUCATION, WITH IT) | BACHELOR OF EDUCATION (EARLY CHILDHOOD & PRIMARY EDUCATION) | BACHELOR OF EDUCATION (HOME SCIENCE AND TECHNOLOGY) | BACHELOR OF EDUCATION (PHYSICAL EDUCATION) | BACHELOR OF EDUCATION (TECHNOLOGY EDUCATION) | BACHELOR OF SCIENCE WITH EDUCATION | BACHELOR OF EDUCATION (FRENCH, WITH IT) | BACHELOR OF EDUCATION (SPECIAL NEEDS EDUCATION - SECONDARY OPTION)"
education,Education,25-2032.00,"Career/Technical Education Teachers, Secondary School",7.000,education early childhood special needs primary home physical music french secondary option christian ict library sports guidance counseling,"BACHELOR OF EDUCATION (SCIENCE, WITH IT) | BACHELOR OF EDUCATION (EARLY CHILDHOOD DEVELOPMENT) | BACHELOR OF EDUCATION (SPECIAL NEEDS EDUCATION, WITH IT) | BACHELOR OF EDUCATION (EARLY CHILDHOOD & PRIMARY EDUCATION) | BACHELOR OF EDUCATION (HOME SCIENCE AND TECHNOLOGY) | BACHELOR OF EDUCATION (PHYSICAL EDUCATION) | BACHELOR OF EDUCATION (TECHNOLOGY EDUCATION) | BACHELOR OF SCIENCE WITH EDUCATION | BACHELOR OF EDUCATION (FRENCH, WITH IT) | BACHELOR OF EDUCATION (SPECIAL NEEDS EDUCATION - SECONDARY OPTION)"
education,Education,25-2051.00,"Special Education Teachers, Preschool",7.000,education early childhood special needs primary home physical music french secondary option christian ict library sports guidance counseling,"BACHELOR OF EDUCATION (SCIENCE, WITH IT) | BACHELOR OF EDUCATION (EARLY CHILDHOOD DEVELOPMENT) | BACHELOR OF EDUCATION (SPECIAL NEEDS EDUCATION, WITH IT) | BACHELOR OF EDUCATION (EARLY CHILDHOOD & PRIMARY EDUCATION) | BACHELOR OF EDUCATION (HOME SCIENCE AND TECHNOLOGY) | BACHELOR OF EDUCATION (PHYSICAL EDUCATION) | BACHELOR OF EDUCATION (TECHNOLOGY EDUCATION) | BACHELOR OF SCIENCE WITH EDUCATION | BACHELOR OF EDUCATION (FRENCH, WITH IT) | BACHELOR OF EDUCATION (SPECIAL NEEDS EDUCATION - SECONDARY OPTION)"
education,Education,25-2055.00,"Special Education Teachers, Kindergarten",7.000,education early childhood special needs primary home physical music french secondary option christian ict library sports guidance counseling,"BACHELOR OF EDUCATION (SCIENCE, WITH IT) | BACHELOR OF EDUCATION (EARLY CHILDHOOD DEVELOPMENT) | BACHELOR OF EDUCATION (SPECIAL NEEDS EDUCATION, WITH IT) | BACHELOR OF EDUCATION (EARLY CHILDHOOD & PRIMARY EDUCATION) | BACHELOR OF EDUCATION (HOME SCIENCE AND TECHNOLOGY) | BACHELOR OF EDUCATION (PHYSICAL EDUCATION) | BACHELOR OF EDUCATION (TECHNOLOGY EDUCATION) | BACHELOR OF SCIENCE WITH EDUCATION | BACHELOR OF EDUCATION (FRENCH, WITH IT) | BACHELOR OF EDUCATION (SPECIAL NEEDS EDUCATION - SECONDARY OPTION)"
education,Education,25-2056.00,"Special Education Teachers, Elementary School",7.000,education early childhood special needs primary home physical music french secondary option christian ict library sports guidance counseling,"BACHELOR OF EDUCATION (SCIENCE, WITH IT) | BACHELOR OF EDUCATION (EARLY CHILDHOOD DEVELOPMENT) | BACHELOR OF EDUCATION (SPECIAL NEEDS EDUCATION, WITH IT) | BACHELOR OF EDUCATION (EARLY CHILDHOOD & PRIMARY EDUCATION) | BACHELOR OF EDUCATION (HOME SCIENCE AND TECHNOLOGY) | BACHELOR OF EDUCATION (PHYSICAL EDUCATION) | BACHELOR OF EDUCATION (TECHNOLOGY EDUCATION) | BACHELOR OF SCIENCE WITH EDUCATION | BACHELOR OF EDUCATION (FRENCH, WITH IT) | BACHELOR OF EDUCATION (SPECIAL NEEDS EDUCATION - SECONDARY OPTION)"
education,Education,25-2057.00,"Special Education Teachers, Middle School",7.000,education early childhood special needs primary home physical music french secondary option christian ict library sports guidance counseling,"BACHELOR OF EDUCATION (SCIENCE, WITH IT) | BACHELOR OF EDUCATION (EARLY CHILDHOOD DEVELOPMENT) | BACHELOR OF EDUCATION (SPECIAL NEEDS EDUCATION, WITH IT) | BACHELOR OF EDUCATION (EARLY CHILDHOOD & PRIMARY EDUCATION) | BACHELOR OF EDUCATION (HOME SCIENCE AND TECHNOLOGY) | BACHELOR OF EDUCATION (PHYSICAL EDUCATION) | BACHELOR OF EDUCATION (TECHNOLOGY EDUCATION) | BACHELOR OF SCIENCE WITH EDUCATION | BACHELOR OF EDUCATION (FRENCH, WITH IT) | BACHELOR OF EDUCATION (SPECIAL NEEDS EDUCATION - SECONDARY OPTION)"
education,Education,25-3011.00,"Adult Basic Education, Adult Secondary Education, and English as a Second Language Instructors",7.000,education early childhood special needs primary home physical music french secondary option christian ict library sports guidance counseling,"BACHELOR OF EDUCATION (SCIENCE, WITH IT) | BACHELOR OF EDUCATION (EARLY CHILDHOOD DEVELOPMENT) | BACHELOR OF EDUCATION (SPECIAL NEEDS EDUCATION, WITH IT) | BACHELOR OF EDUCATION (EARLY CHILDHOOD & PRIMARY EDUCATION) | BACHELOR OF EDUCATION (HOME SCIENCE AND TECHNOLOGY) | BACHELOR OF EDUCATION (PHYSICAL EDUCATION) | BACHELOR OF EDUCATION (TECHNOLOGY EDUCATION) | BACHELOR OF SCIENCE WITH EDUCATION | BACHELOR OF EDUCATION (FRENCH, WITH IT) | BACHELOR OF EDUCATION (SPECIAL NEEDS EDUCATION - SECONDARY OPTION)"
education,Education,21-2021.00,"Directors, Religious Activities and Education",6.000,education early childhood special needs primary home physical music french secondary option christian ict library sports guidance counseling,"BACHELOR OF EDUCATION (SCIENCE, WITH IT) | BACHELOR OF EDUCATION (EARLY CHILDHOOD DEVELOPMENT) | BACHELOR OF EDUCATION (SPECIAL NEEDS EDUCATION, WITH IT) | BACHELOR OF EDUCATION (EARLY CHILDHOOD & PRIMARY EDUCATION) | BACHELOR OF EDUCATION (HOME SCIENCE AND TECHNOLOGY) | BACHELOR OF EDUCATION (PHYSICAL EDUCATION) | BACHELOR OF EDUCATION (TECHNOLOGY EDUCATION) | BACHELOR OF SCIENCE WITH EDUCATION | BACHELOR OF EDUCATION (FRENCH, WITH IT) | BACHELOR OF EDUCATION (SPECIAL NEEDS EDUCATION - SECONDARY OPTION)"
education,Education,25-1081.00,"Education Teachers, Postsecondary",6.000,education early childhood special needs primary home physical music french secondary option christian ict library sports guidance counseling,"BACHELOR OF EDUCATION (SCIENCE, WITH IT) | BACHELOR OF EDUCATION (EARLY CHILDHOOD DEVELOPMENT) | BACHELOR OF EDUCATION (SPECIAL NEEDS EDUCATION, WITH IT) | BACHELOR OF EDUCATION (EARLY CHILDHOOD & PRIMARY EDUCATION) | BACHELOR OF EDUCATION (HOME SCIENCE AND TECHNOLOGY) | BACHELOR OF EDUCATION (PHYSICAL EDUCATION) | BACHELOR OF EDUCATION (TECHNOLOGY EDUCATION) | BACHELOR OF SCIENCE WITH EDUCATION | BACHELOR OF EDUCATION (FRENCH, WITH IT) | BACHELOR OF EDUCATION (SPECIAL NEEDS EDUCATION - SECONDARY OPTION)"
education,Education,25-2012.00,"Kindergarten Teachers, Except Special Education",6.000,education early childhood special needs primary home physical music french secondary option christian ict library sports guidance counseling,"BACHELOR OF EDUCATION (SCIENCE, WITH IT) | BACHELOR OF EDUCATION (EARLY CHILDHOOD DEVELOPMENT) | BACHELOR OF EDUCATION (SPECIAL NEEDS EDUCATION, WITH IT) | BACHELOR OF EDUCATION (EARLY CHILDHOOD & PRIMARY EDUCATION) | BACHELOR OF EDUCATION (HOME SCIENCE AND TECHNOLOGY) | BACHELOR OF EDUCATION (PHYSICAL EDUCATION) | BACHELOR OF EDUCATION (TECHNOLOGY EDUCATION) | BACHELOR OF SCIENCE WITH EDUCATION | BACHELOR OF EDUCATION (FRENCH, WITH IT) | BACHELOR OF EDUCATION (SPECIAL NEEDS EDUCATION - SECONDARY OPTION)"
education,Education,25-2021.00,"Elementary School Teachers, Except Special Education",6.000,education early childhood special needs primary home physical music french secondary option christian ict library sports guidance counseling,"BACHELOR OF EDUCATION (SCIENCE, WITH IT) | BACHELOR OF EDUCATION (EARLY CHILDHOOD DEVELOPMENT) | BACHELOR OF EDUCATION (SPECIAL NEEDS EDUCATION, WITH IT) | BACHELOR OF EDUCATION (EARLY CHILDHOOD & PRIMARY EDUCATION) | BACHELOR OF EDUCATION (HOME SCIENCE AND TECHNOLOGY) | BACHELOR OF EDUCATION (PHYSICAL EDUCATION) | BACHELOR OF EDUCATION (TECHNOLOGY EDUCATION) | BACHELOR OF SCIENCE WITH EDUCATION | BACHELOR OF EDUCATION (FRENCH, WITH IT) | BACHELOR OF EDUCATION (SPECIAL NEEDS EDUCATION - SECONDARY OPTION)"
education,Education,25-2022.00,"Middle School Teachers, Except Special and Career/Technical Education",6.000,education early childhood special needs primary home physical music french secondary option christian ict library sports guidance counseling,"BACHELOR OF EDUCATION (SCIENCE, WITH IT) | BACHELOR OF EDUCATION (EARLY CHILDHOOD DEVELOPMENT) | BACHELOR OF EDUCATION (SPECIAL NEEDS EDUCATION, WITH IT) | BACHELOR OF EDUCATION (EARLY CHILDHOOD & PRIMARY EDUCATION) | BACHELOR OF EDUCATION (HOME SCIENCE AND TECHNOLOGY) | BACHELOR OF EDUCATION (PHYSICAL EDUCATION) | BACHELOR OF EDUCATION (TECHNOLOGY EDUCATION) | BACHELOR OF SCIENCE WITH EDUCATION | BACHELOR OF EDUCATION (FRENCH, WITH IT) | BACHELOR OF EDUCATION (SPECIAL NEEDS EDUCATION - SECONDARY OPTION)"
engineering,Engineering,17-3023.00,Electrical and Electronic Engineering Technologists and Technicians,12.000,engineering electrical civil mechanical industrial chemistry electronics biomedical electronic agricultural bio-systems chemical process structural financial mechatronic geospatial production mining mineral processing petroleum water environmental aerospace,"BACHELOR OF SCIENCE (INDUSTRIAL CHEMISTRY, WITH IT) | BACHELOR OF ENGINEERING (CIVIL ENGINEERING) | BACHELOR OF SCIENCE (ELECTRICAL & ELECTRONICS ENGINEERING) | BACHELOR OF ENGINEERING (MECHANICAL ENGINEERING) | BACHELOR OF ENGINEERING (AGRICULTURAL & BIO-SYSTEMS ENGINEERING) | BACHELOR OF SCIENCE (BIOMEDICAL SCIENCE AND TECHNOLOGY) | BACHELOR OF TECHNOLOGY (MECHANICAL ENGINEERING TECHNOLOGY) | BACHELOR OF TECHNOLOGY (ELECTRICAL AND ELECTRONIC ENGINEERING TECHNOLOGY) | BACHELOR OF EDUCATION IN TECHNOLOGY (CIVIL ENGINEERING) | BACHELOR OF EDUCATION IN TECHNOLOGY (ELECTRICAL & ELECTRONIC ENGINEERING)"
engineering,Engineering,25-1032.00,"Engineering Teachers, Postsecondary",11.000,engineering electrical civil mechanical industrial chemistry electronics biomedical electronic agricultural bio-systems chemical process structural financial mechatronic geospatial production mining mineral processing petroleum water environmental aerospace,"BACHELOR OF SCIENCE (INDUSTRIAL CHEMISTRY, WITH IT) | BACHELOR OF ENGINEERING (CIVIL ENGINEERING) | BACHELOR OF SCIENCE (ELECTRICAL & ELECTRONICS ENGINEERING) | BACHELOR OF ENGINEERING (MECHANICAL ENGINEERING) | BACHELOR OF ENGINEERING (AGRICULTURAL & BIO-SYSTEMS ENGINEERING) | BACHELOR OF SCIENCE (BIOMEDICAL SCIENCE AND TECHNOLOGY) | BACHELOR OF TECHNOLOGY (MECHANICAL ENGINEERING TECHNOLOGY) | BACHELOR OF TECHNOLOGY (ELECTRICAL AND ELECTRONIC ENGINEERING TECHNOLOGY) | BACHELOR OF EDUCATION IN TECHNOLOGY (CIVIL ENGINEERING) | BACHELOR OF EDUCATION IN TECHNOLOGY (ELECTRICAL & ELECTRONIC ENGINEERING)"
engineering,Engineering,49-2094.00,"Electrical and Electronics Repairers, Commercial and Industrial Equipment",11.000,engineering electrical civil mechanical industrial chemistry electronics biomedical electronic agricultural bio-systems chemical process structural financial mechatronic geospatial production mining mineral processing petroleum water environmental aerospace,"BACHELOR OF SCIENCE (INDUSTRIAL CHEMISTRY, WITH IT) | BACHELOR OF ENGINEERING (CIVIL ENGINEERING) | BACHELOR OF SCIENCE (ELECTRICAL & ELECTRONICS ENGINEERING) | BACHELOR OF ENGINEERING (MECHANICAL ENGINEERING) | BACHELOR OF ENGINEERING (AGRICULTURAL & BIO-SYSTEMS ENGINEERING) | BACHELOR OF SCIENCE (BIOMEDICAL SCIENCE AND TECHNOLOGY) | BACHELOR OF TECHNOLOGY (MECHANICAL ENGINEERING TECHNOLOGY) | BACHELOR OF TECHNOLOGY (ELECTRICAL AND ELECTRONIC ENGINEERING TECHNOLOGY) | BACHELOR OF EDUCATION IN TECHNOLOGY (CIVIL ENGINEERING) | BACHELOR OF EDUCATION IN TECHNOLOGY (ELECTRICAL & ELECTRONIC ENGINEERING)"
engineering,Engineering,17-3026.00,Industrial Engineering Technologists and Technicians,9.000,engineering electrical civil mechanical industrial chemistry electronics biomedical electronic agricultural bio-systems chemical process structural financial mechatronic geospatial production mining mineral processing petroleum water environmental aerospace,"BACHELOR OF SCIENCE (INDUSTRIAL CHEMISTRY, WITH IT) | BACHELOR OF ENGINEERING (CIVIL ENGINEERING) | BACHELOR OF SCIENCE (ELECTRICAL & ELECTRONICS ENGINEERING) | BACHELOR OF ENGINEERING (MECHANICAL ENGINEERING) | BACHELOR OF ENGINEERING (AGRICULTURAL & BIO-SYSTEMS ENGINEERING) | BACHELOR OF SCIENCE (BIOMEDICAL SCIENCE AND TECHNOLOGY) | BACHELOR OF TECHNOLOGY (MECHANICAL ENGINEERING TECHNOLOGY) | BACHELOR OF TECHNOLOGY (ELECTRICAL AND ELECTRONIC ENGINEERING TECHNOLOGY) | BACHELOR OF EDUCATION IN TECHNOLOGY (CIVIL ENGINEERING) | BACHELOR OF EDUCATION IN TECHNOLOGY (ELECTRICAL & ELECTRONIC ENGINEERING)"
engineering,Engineering,17-3022.00,Civil Engineering Technologists and Technicians,8.000,engineering electrical civil mechanical industrial chemistry electronics biomedical electronic agricultural bio-systems chemical process structural financial mechatronic geospatial production mining mineral processing petroleum water environmental aerospace,"BACHELOR OF SCIENCE (INDUSTRIAL CHEMISTRY, WITH IT) | BACHELOR OF ENGINEERING (CIVIL ENGINEERING) | BACHELOR OF SCIENCE (ELECTRICAL & ELECTRONICS ENGINEERING) | BACHELOR OF ENGINEERING (MECHANICAL ENGINEERING) | BACHELOR OF ENGINEERING (AGRICULTURAL & BIO-SYSTEMS ENGINEERING) | BACHELOR OF SCIENCE (BIOMEDICAL SCIENCE AND TECHNOLOGY) | BACHELOR OF TECHNOLOGY (MECHANICAL ENGINEERING TECHNOLOGY) | BACHELOR OF TECHNOLOGY (ELECTRICAL AND ELECTRONIC ENGINEERING TECHNOLOGY) | BACHELOR OF EDUCATION IN TECHNOLOGY (CIVIL ENGINEERING) | BACHELOR OF EDUCATION IN TECHNOLOGY (ELECTRICAL & ELECTRONIC ENGINEERING)"
engineering,Engineering,17-3025.00,Environmental Engineering Technologists and Technicians,8.000,engineering electrical civil mechanical industrial chemistry electronics biomedical electronic agricultural bio-systems chemical process structural financial mechatronic geospatial production mining mineral processing petroleum water environmental aerospace,"BACHELOR OF SCIENCE (INDUSTRIAL CHEMISTRY, WITH IT) | BACHELOR OF ENGINEERING (CIVIL ENGINEERING) | BACHELOR OF SCIENCE (ELECTRICAL & ELECTRONICS ENGINEERING) | BACHELOR OF ENGINEERING (MECHANICAL ENGINEERING) | BACHELOR OF ENGINEERING (AGRICULTURAL & BIO-SYSTEMS ENGINEERING) | BACHELOR OF SCIENCE (BIOMEDICAL SCIENCE AND TECHNOLOGY) | BACHELOR OF TECHNOLOGY (MECHANICAL ENGINEERING TECHNOLOGY) | BACHELOR OF TECHNOLOGY (ELECTRICAL AND ELECTRONIC ENGINEERING TECHNOLOGY) | BACHELOR OF EDUCATION IN TECHNOLOGY (CIVIL ENGINEERING) | BACHELOR OF EDUCATION IN TECHNOLOGY (ELECTRICAL & ELECTRONIC ENGINEERING)"
engineering,Engineering,17-3027.00,Mechanical Engineering Technologists and Technicians,8.000,engineering electrical civil mechanical industrial chemistry electronics biomedical electronic agricultural bio-systems chemical process structural financial mechatronic geospatial production mining mineral processing petroleum water environmental aerospace,"BACHELOR OF SCIENCE (INDUSTRIAL CHEMISTRY, WITH IT) | BACHELOR OF ENGINEERING (CIVIL ENGINEERING) | BACHELOR OF SCIENCE (ELECTRICAL & ELECTRONICS ENGINEERING) | BACHELOR OF ENGINEERING (MECHANICAL ENGINEERING) | BACHELOR OF ENGINEERING (AGRICULTURAL & BIO-SYSTEMS ENGINEERING) | BACHELOR OF SCIENCE (BIOMEDICAL SCIENCE AND TECHNOLOGY) | BACHELOR OF TECHNOLOGY (MECHANICAL ENGINEERING TECHNOLOGY) | BACHELOR OF TECHNOLOGY (ELECTRICAL AND ELECTRONIC ENGINEERING TECHNOLOGY) | BACHELOR OF EDUCATION IN TECHNOLOGY (CIVIL ENGINEERING) | BACHELOR OF EDUCATION IN TECHNOLOGY (ELECTRICAL & ELECTRONIC ENGINEERING)"
engineering,Engineering,51-2022.00,Electrical and Electronic Equipment Assemblers,8.000,engineering electrical civil mechanical industrial chemistry electronics biomedical electronic agricultural bio-systems chemical process structural financial mechatronic geospatial production mining mineral processing petroleum water environmental aerospace,"BACHELOR OF SCIENCE (INDUSTRIAL CHEMISTRY, WITH IT) | BACHELOR OF ENGINEERING (CIVIL ENGINEERING) | BACHELOR OF SCIENCE (ELECTRICAL & ELECTRONICS ENGINEERING) | BACHELOR OF ENGINEERING (MECHANICAL ENGINEERING) | BACHELOR OF ENGINEERING (AGRICULTURAL & BIO-SYSTEMS ENGINEERING) | BACHELOR OF SCIENCE (BIOMEDICAL SCIENCE AND TECHNOLOGY) | BACHELOR OF TECHNOLOGY (MECHANICAL ENGINEERING TECHNOLOGY) | BACHELOR OF TECHNOLOGY (ELECTRICAL AND ELECTRONIC ENGINEERING TECHNOLOGY) | BACHELOR OF EDUCATION IN TECHNOLOGY (CIVIL ENGINEERING) | BACHELOR OF EDUCATION IN TECHNOLOGY (ELECTRICAL & ELECTRONIC ENGINEERING)"
engineering,Engineering,17-2021.00,Agricultural Engineers,7.000,engineering electrical civil mechanical industrial chemistry electronics biomedical electronic agricultural bio-systems chemical process structural financial mechatronic geospatial production mining mineral processing petroleum water environmental aerospace,"BACHELOR OF SCIENCE (INDUSTRIAL CHEMISTRY, WITH IT) | BACHELOR OF ENGINEERING (CIVIL ENGINEERING) | BACHELOR OF SCIENCE (ELECTRICAL & ELECTRONICS ENGINEERING) | BACHELOR OF ENGINEERING (MECHANICAL ENGINEERING) | BACHELOR OF ENGINEERING (AGRICULTURAL & BIO-SYSTEMS ENGINEERING) | BACHELOR OF SCIENCE (BIOMEDICAL SCIENCE AND TECHNOLOGY) | BACHELOR OF TECHNOLOGY (MECHANICAL ENGINEERING TECHNOLOGY) | BACHELOR OF TECHNOLOGY (ELECTRICAL AND ELECTRONIC ENGINEERING TECHNOLOGY) | BACHELOR OF EDUCATION IN TECHNOLOGY (CIVIL ENGINEERING) | BACHELOR OF EDUCATION IN TECHNOLOGY (ELECTRICAL & ELECTRONIC ENGINEERING)"
engineering,Engineering,17-2031.00,Bioengineers and Biomedical Engineers,7.000,engineering electrical civil mechanical industrial chemistry electronics biomedical electronic agricultural bio-systems chemical process structural financial mechatronic geospatial production mining mineral processing petroleum water environmental aerospace,"BACHELOR OF SCIENCE (INDUSTRIAL CHEMISTRY, WITH IT) | BACHELOR OF ENGINEERING (CIVIL ENGINEERING) | BACHELOR OF SCIENCE (ELECTRICAL & ELECTRONICS ENGINEERING) | BACHELOR OF ENGINEERING (MECHANICAL ENGINEERING) | BACHELOR OF ENGINEERING (AGRICULTURAL & BIO-SYSTEMS ENGINEERING) | BACHELOR OF SCIENCE (BIOMEDICAL SCIENCE AND TECHNOLOGY) | BACHELOR OF TECHNOLOGY (MECHANICAL ENGINEERING TECHNOLOGY) | BACHELOR OF TECHNOLOGY (ELECTRICAL AND ELECTRONIC ENGINEERING TECHNOLOGY) | BACHELOR OF EDUCATION IN TECHNOLOGY (CIVIL ENGINEERING) | BACHELOR OF EDUCATION IN TECHNOLOGY (ELECTRICAL & ELECTRONIC ENGINEERING)"
engineering,Engineering,17-3012.00,Electrical and Electronics Drafters,7.000,engineering electrical civil mechanical industrial chemistry electronics biomedical electronic agricultural bio-systems chemical process structural financial mechatronic geospatial production mining mineral processing petroleum water environmental aerospace,"BACHELOR OF SCIENCE (INDUSTRIAL CHEMISTRY, WITH IT) | BACHELOR OF ENGINEERING (CIVIL ENGINEERING) | BACHELOR OF SCIENCE (ELECTRICAL & ELECTRONICS ENGINEERING) | BACHELOR OF ENGINEERING (MECHANICAL ENGINEERING) | BACHELOR OF ENGINEERING (AGRICULTURAL & BIO-SYSTEMS ENGINEERING) | BACHELOR OF SCIENCE (BIOMEDICAL SCIENCE AND TECHNOLOGY) | BACHELOR OF TECHNOLOGY (MECHANICAL ENGINEERING TECHNOLOGY) | BACHELOR OF TECHNOLOGY (ELECTRICAL AND ELECTRONIC ENGINEERING TECHNOLOGY) | BACHELOR OF EDUCATION IN TECHNOLOGY (CIVIL ENGINEERING) | BACHELOR OF EDUCATION IN TECHNOLOGY (ELECTRICAL & ELECTRONIC ENGINEERING)"
engineering,Engineering,49-2093.00,"Electrical and Electronics Installers and Repairers, Transportation Equipment",7.000,engineering electrical civil mechanical industrial chemistry electronics biomedical electronic agricultural bio-systems chemical process structural financial mechatronic geospatial production mining mineral processing petroleum water environmental aerospace,"BACHELOR OF SCIENCE (INDUSTRIAL CHEMISTRY, WITH IT) | BACHELOR OF ENGINEERING (CIVIL ENGINEERING) | BACHELOR OF SCIENCE (ELECTRICAL & ELECTRONICS ENGINEERING) | BACHELOR OF ENGINEERING (MECHANICAL ENGINEERING) | BACHELOR OF ENGINEERING (AGRICULTURAL & BIO-SYSTEMS ENGINEERING) | BACHELOR OF SCIENCE (BIOMEDICAL SCIENCE AND TECHNOLOGY) | BACHELOR OF TECHNOLOGY (MECHANICAL ENGINEERING TECHNOLOGY) | BACHELOR OF TECHNOLOGY (ELECTRICAL AND ELECTRONIC ENGINEERING TECHNOLOGY) | BACHELOR OF EDUCATION IN TECHNOLOGY (CIVIL ENGINEERING) | BACHELOR OF EDUCATION IN TECHNOLOGY (ELECTRICAL & ELECTRONIC ENGINEERING)"
engineering,Engineering,49-2095.00,"Electrical and Electronics Repairers, Powerhouse, Substation, and Relay",7.000,engineering electrical civil mechanical industrial chemistry electronics biomedical electronic agricultural bio-systems chemical process structural financial mechatronic geospatial production mining mineral processing petroleum water environmental aerospace,"BACHELOR OF SCIENCE (INDUSTRIAL CHEMISTRY, WITH IT) | BACHELOR OF ENGINEERING (CIVIL ENGINEERING) | BACHELOR OF SCIENCE (ELECTRICAL & ELECTRONICS ENGINEERING) | BACHELOR OF ENGINEERING (MECHANICAL ENGINEERING) | BACHELOR OF ENGINEERING (AGRICULTURAL & BIO-SYSTEMS ENGINEERING) | BACHELOR OF SCIENCE (BIOMEDICAL SCIENCE AND TECHNOLOGY) | BACHELOR OF TECHNOLOGY (MECHANICAL ENGINEERING TECHNOLOGY) | BACHELOR OF TECHNOLOGY (ELECTRICAL AND ELECTRONIC ENGINEERING TECHNOLOGY) | BACHELOR OF EDUCATION IN TECHNOLOGY (CIVIL ENGINEERING) | BACHELOR OF EDUCATION IN TECHNOLOGY (ELECTRICAL & ELECTRONIC ENGINEERING)"
engineering,Engineering,51-9151.00,Photographic Process Workers and Processing Machine Operators,7.000,engineering electrical civil mechanical industrial chemistry electronics biomedical electronic agricultural bio-systems chemical process structural financial mechatronic geospatial production mining mineral processing petroleum water environmental aerospace,"BACHELOR OF SCIENCE (INDUSTRIAL CHEMISTRY, WITH IT) | BACHELOR OF ENGINEERING (CIVIL ENGINEERING) | BACHELOR OF SCIENCE (ELECTRICAL & ELECTRONICS ENGINEERING) | BACHELOR OF ENGINEERING (MECHANICAL ENGINEERING) | BACHELOR OF ENGINEERING (AGRICULTURAL & BIO-SYSTEMS ENGINEERING) | BACHELOR OF SCIENCE (BIOMEDICAL SCIENCE AND TECHNOLOGY) | BACHELOR OF TECHNOLOGY (MECHANICAL ENGINEERING TECHNOLOGY) | BACHELOR OF TECHNOLOGY (ELECTRICAL AND ELECTRONIC ENGINEERING TECHNOLOGY) | BACHELOR OF EDUCATION IN TECHNOLOGY (CIVIL ENGINEERING) | BACHELOR OF EDUCATION IN TECHNOLOGY (ELECTRICAL & ELECTRONIC ENGINEERING)"
engineering,Engineering,11-3051.00,Industrial Production Managers,6.000,engineering electrical civil mechanical industrial chemistry electronics biomedical electronic agricultural bio-systems chemical process structural financial mechatronic geospatial production mining mineral processing petroleum water environmental aerospace,"BACHELOR OF SCIENCE (INDUSTRIAL CHEMISTRY, WITH IT) | BACHELOR OF ENGINEERING (CIVIL ENGINEERING) | BACHELOR OF SCIENCE (ELECTRICAL & ELECTRONICS ENGINEERING) | BACHELOR OF ENGINEERING (MECHANICAL ENGINEERING) | BACHELOR OF ENGINEERING (AGRICULTURAL & BIO-SYSTEMS ENGINEERING) | BACHELOR OF SCIENCE (BIOMEDICAL SCIENCE AND TECHNOLOGY) | BACHELOR OF TECHNOLOGY (MECHANICAL ENGINEERING TECHNOLOGY) | BACHELOR OF TECHNOLOGY (ELECTRICAL AND ELECTRONIC ENGINEERING TECHNOLOGY) | BACHELOR OF EDUCATION IN TECHNOLOGY (CIVIL ENGINEERING) | BACHELOR OF EDUCATION IN TECHNOLOGY (ELECTRICAL & ELECTRONIC ENGINEERING)"
engineering,Engineering,17-2041.00,Chemical Engineers,6.000,engineering electrical civil mechanical industrial chemistry electronics biomedical electronic agricultural bio-systems chemical process structural financial mechatronic geospatial production mining mineral processing petroleum water environmental aerospace,"BACHELOR OF SCIENCE (INDUSTRIAL CHEMISTRY, WITH IT) | BACHELOR OF ENGINEERING (CIVIL ENGINEERING) | BACHELOR OF SCIENCE (ELECTRICAL & ELECTRONICS ENGINEERING) | BACHELOR OF ENGINEERING (MECHANICAL ENGINEERING) | BACHELOR OF ENGINEERING (AGRICULTURAL & BIO-SYSTEMS ENGINEERING) | BACHELOR OF SCIENCE (BIOMEDICAL SCIENCE AND TECHNOLOGY) | BACHELOR OF TECHNOLOGY (MECHANICAL ENGINEERING TECHNOLOGY) | BACHELOR OF TECHNOLOGY (ELECTRICAL AND ELECTRONIC ENGINEERING TECHNOLOGY) | BACHELOR OF EDUCATION IN TECHNOLOGY (CIVIL ENGINEERING) | BACHELOR OF EDUCATION IN TECHNOLOGY (ELECTRICAL & ELECTRONIC ENGINEERING)"
engineering,Engineering,17-2072.00,"Electronics Engineers, Except Computer",6.000,engineering electrical civil mechanical industrial chemistry electronics biomedical electronic agricultural bio-systems chemical process structural financial mechatronic geospatial production mining mineral processing petroleum water environmental aerospace,"BACHELOR OF SCIENCE (INDUSTRIAL CHEMISTRY, WITH IT) | BACHELOR OF ENGINEERING (CIVIL ENGINEERING) | BACHELOR OF SCIENCE (ELECTRICAL & ELECTRONICS ENGINEERING) | BACHELOR OF ENGINEERING (MECHANICAL ENGINEERING) | BACHELOR OF ENGINEERING (AGRICULTURAL & BIO-SYSTEMS ENGINEERING) | BACHELOR OF SCIENCE (BIOMEDICAL SCIENCE AND TECHNOLOGY) | BACHELOR OF TECHNOLOGY (MECHANICAL ENGINEERING TECHNOLOGY) | BACHELOR OF TECHNOLOGY (ELECTRICAL AND ELECTRONIC ENGINEERING TECHNOLOGY) | BACHELOR OF EDUCATION IN TECHNOLOGY (CIVIL ENGINEERING) | BACHELOR OF EDUCATION IN TECHNOLOGY (ELECTRICAL & ELECTRONIC ENGINEERING)"
engineering,Engineering,17-3011.00,Architectural and Civil Drafters,6.000,engineering electrical civil mechanical industrial chemistry electronics biomedical electronic agricultural bio-systems chemical process structural financial mechatronic geospatial production mining mineral processing petroleum water environmental aerospace,"BACHELOR OF SCIENCE (INDUSTRIAL CHEMISTRY, WITH IT) | BACHELOR OF ENGINEERING (CIVIL ENGINEERING) | BACHELOR OF SCIENCE (ELECTRICAL & ELECTRONICS ENGINEERING) | BACHELOR OF ENGINEERING (MECHANICAL ENGINEERING) | BACHELOR OF ENGINEERING (AGRICULTURAL & BIO-SYSTEMS ENGINEERING) | BACHELOR OF SCIENCE (BIOMEDICAL SCIENCE AND TECHNOLOGY) | BACHELOR OF TECHNOLOGY (MECHANICAL ENGINEERING TECHNOLOGY) | BACHELOR OF TECHNOLOGY (ELECTRICAL AND ELECTRONIC ENGINEERING TECHNOLOGY) | BACHELOR OF EDUCATION IN TECHNOLOGY (CIVIL ENGINEERING) | BACHELOR OF EDUCATION IN TECHNOLOGY (ELECTRICAL & ELECTRONIC ENGINEERING)"
engineering,Engineering,17-3021.00,Aerospace Engineering and Operations Technologists and Technicians,6.000,engineering electrical civil mechanical industrial chemistry electronics biomedical electronic agricultural bio-systems chemical process structural financial mechatronic geospatial production mining mineral processing petroleum water environmental aerospace,"BACHELOR OF SCIENCE (INDUSTRIAL CHEMISTRY, WITH IT) | BACHELOR OF ENGINEERING (CIVIL ENGINEERING) | BACHELOR OF SCIENCE (ELECTRICAL & ELECTRONICS ENGINEERING) | BACHELOR OF ENGINEERING (MECHANICAL ENGINEERING) | BACHELOR OF ENGINEERING (AGRICULTURAL & BIO-SYSTEMS ENGINEERING) | BACHELOR OF SCIENCE (BIOMEDICAL SCIENCE AND TECHNOLOGY) | BACHELOR OF TECHNOLOGY (MECHANICAL ENGINEERING TECHNOLOGY) | BACHELOR OF TECHNOLOGY (ELECTRICAL AND ELECTRONIC ENGINEERING TECHNOLOGY) | BACHELOR OF EDUCATION IN TECHNOLOGY (CIVIL ENGINEERING) | BACHELOR OF EDUCATION IN TECHNOLOGY (ELECTRICAL & ELECTRONIC ENGINEERING)"
engineering,Engineering,19-4031.00,Chemical Technicians,6.000,engineering electrical civil mechanical industrial chemistry electronics biomedical electronic agricultural bio-systems chemical process structural financial mechatronic geospatial production mining mineral processing petroleum water environmental aerospace,"BACHELOR OF SCIENCE (INDUSTRIAL CHEMISTRY, WITH IT) | BACHELOR OF ENGINEERING (CIVIL ENGINEERING) | BACHELOR OF SCIENCE (ELECTRICAL & ELECTRONICS ENGINEERING) | BACHELOR OF ENGINEERING (MECHANICAL ENGINEERING) | BACHELOR OF ENGINEERING (AGRICULTURAL & BIO-SYSTEMS ENGINEERING) | BACHELOR OF SCIENCE (BIOMEDICAL SCIENCE AND TECHNOLOGY) | BACHELOR OF TECHNOLOGY (MECHANICAL ENGINEERING TECHNOLOGY) | BACHELOR OF TECHNOLOGY (ELECTRICAL AND ELECTRONIC ENGINEERING TECHNOLOGY) | BACHELOR OF EDUCATION IN TECHNOLOGY (CIVIL ENGINEERING) | BACHELOR OF EDUCATION IN TECHNOLOGY (ELECTRICAL & ELECTRONIC ENGINEERING)"
engineering,Engineering,49-9041.00,Industrial Machinery Mechanics,6.000,engineering electrical civil mechanical industrial chemistry electronics biomedical electronic agricultural bio-systems chemical process structural financial mechatronic geospatial production mining mineral processing petroleum water environmental aerospace,"BACHELOR OF SCIENCE (INDUSTRIAL CHEMISTRY, WITH IT) | BACHELOR OF ENGINEERING (CIVIL ENGINEERING) | BACHELOR OF SCIENCE (ELECTRICAL & ELECTRONICS ENGINEERING) | BACHELOR OF ENGINEERING (MECHANICAL ENGINEERING) | BACHELOR OF ENGINEERING (AGRICULTURAL & BIO-SYSTEMS ENGINEERING) | BACHELOR OF SCIENCE (BIOMEDICAL SCIENCE AND TECHNOLOGY) | BACHELOR OF TECHNOLOGY (MECHANICAL ENGINEERING TECHNOLOGY) | BACHELOR OF TECHNOLOGY (ELECTRICAL AND ELECTRONIC ENGINEERING TECHNOLOGY) | BACHELOR OF EDUCATION IN TECHNOLOGY (CIVIL ENGINEERING) | BACHELOR OF EDUCATION IN TECHNOLOGY (ELECTRICAL & ELECTRONIC ENGINEERING)"
engineering,Engineering,51-9011.00,Chemical Equipment Operators and Tenders,6.000,engineering electrical civil mechanical industrial chemistry electronics biomedical electronic agricultural bio-systems chemical process structural financial mechatronic geospatial production mining mineral processing petroleum water environmental aerospace,"BACHELOR OF SCIENCE (INDUSTRIAL CHEMISTRY, WITH IT) | BACHELOR OF ENGINEERING (CIVIL ENGINEERING) | BACHELOR OF SCIENCE (ELECTRICAL & ELECTRONICS ENGINEERING) | BACHELOR OF ENGINEERING (MECHANICAL ENGINEERING) | BACHELOR OF ENGINEERING (AGRICULTURAL & BIO-SYSTEMS ENGINEERING) | BACHELOR OF SCIENCE (BIOMEDICAL SCIENCE AND TECHNOLOGY) | BACHELOR OF TECHNOLOGY (MECHANICAL ENGINEERING TECHNOLOGY) | BACHELOR OF TECHNOLOGY (ELECTRICAL AND ELECTRONIC ENGINEERING TECHNOLOGY) | BACHELOR OF EDUCATION IN TECHNOLOGY (CIVIL ENGINEERING) | BACHELOR OF EDUCATION IN TECHNOLOGY (ELECTRICAL & ELECTRONIC ENGINEERING)"
environmental-sciences,Environmental Sciences,25-1051.00,"Atmospheric, Earth, Marine, and Space Sciences Teachers, Postsecondary",9.000,environmental energy sustainable climate change environment sciences renewable physics lands earth conservation chemistry disaster preparedness environmentaltechnology horticulture landscaping utilization sustainability arid usal infrastructure built urban,BACHELOR OF ENVIRONMENTAL SCIENCE | BACHELOR OF SCIENCE (ENVIRONMENTAL HEALTH) | BACHELOR OF SCIENCE ( SUSTAINABLE ENERGY & CLIMATE CHANGE SYSTEMS) | BACHELOR OF ENVIRONMENTAL STUDIES (COMMUNITY DEVELOPMENT) | BACHELOR OF ENVIRONMENTAL STUDIES | BACHELOR OF ENVIRONMENTAL STUDIES (EARTH SCIENCES) | BACHELOR OF ENVIRONMENTAL STUDIES (ENVIRONMENTAL RESOURCE CONSERVATION) | BACHELOR OF SCIENCE ( ENVIRONMENTAL CHEMISTRY) | BACHELOR OF SCIENCE (COMMUNITY DEVELOPMENT AND ENVIRONMENT) | BACHELOR OF SCIENCE (DISASTER PREPAREDNESS AND ENVIRONMENTALTECHNOLOGY)
environmental-sciences,Environmental Sciences,19-2041.01,Climate Change Policy Analysts,8.000,environmental energy sustainable climate change environment sciences renewable physics lands earth conservation chemistry disaster preparedness environmentaltechnology horticulture landscaping utilization sustainability arid usal infrastructure built urban,BACHELOR OF ENVIRONMENTAL SCIENCE | BACHELOR OF SCIENCE (ENVIRONMENTAL HEALTH) | BACHELOR OF SCIENCE ( SUSTAINABLE ENERGY & CLIMATE CHANGE SYSTEMS) | BACHELOR OF ENVIRONMENTAL STUDIES (COMMUNITY DEVELOPMENT) | BACHELOR OF ENVIRONMENTAL STUDIES | BACHELOR OF ENVIRONMENTAL STUDIES (EARTH SCIENCES) | BACHELOR OF ENVIRONMENTAL STUDIES (ENVIRONMENTAL RESOURCE CONSERVATION) | BACHELOR OF SCIENCE ( ENVIRONMENTAL CHEMISTRY) | BACHELOR OF SCIENCE (COMMUNITY DEVELOPMENT AND ENVIRONMENT) | BACHELOR OF SCIENCE (DISASTER PREPAREDNESS AND ENVIRONMENTALTECHNOLOGY)
environmental-sciences,Environmental Sciences,19-3011.01,Environmental Economists,7.000,environmental energy sustainable climate change environment sciences renewable physics lands earth conservation chemistry disaster preparedness environmentaltechnology horticulture landscaping utilization sustainability arid usal infrastructure built urban,BACHELOR OF ENVIRONMENTAL SCIENCE | BACHELOR OF SCIENCE (ENVIRONMENTAL HEALTH) | BACHELOR OF SCIENCE ( SUSTAINABLE ENERGY & CLIMATE CHANGE SYSTEMS) | BACHELOR OF ENVIRONMENTAL STUDIES (COMMUNITY DEVELOPMENT) | BACHELOR OF ENVIRONMENTAL STUDIES | BACHELOR OF ENVIRONMENTAL STUDIES (EARTH SCIENCES) | BACHELOR OF ENVIRONMENTAL STUDIES (ENVIRONMENTAL RESOURCE CONSERVATION) | BACHELOR OF SCIENCE ( ENVIRONMENTAL CHEMISTRY) | BACHELOR OF SCIENCE (COMMUNITY DEVELOPMENT AND ENVIRONMENT) | BACHELOR OF SCIENCE (DISASTER PREPAREDNESS AND ENVIRONMENTALTECHNOLOGY)
health-sciences,Health Sciences,19-5012.00,Occupational Health and Safety Technicians,12.000,health nursing nutrition dietetics laboratory medical clinical food human occupational safety radiography animal sciences midwifery reproductive cosmetology beauty,"BACHELOR OF SCIENCE (NURSING, WITH IT) | BACHELOR OF SCIENCE (MEDICAL LABORATORY SCIENCE & TECHNOLOGY) | BACHELOR OF SCIENCE CLINICAL MEDICINE | BACHELOR OF SCIENCE (FOOD NUTRITION & DIETETICS) | BACHELOR OF SCIENCE (HUMAN NUTRITION AND DIETETICS) | BACHELOR OF SCIENCE IN NUTRITION AND DIETETICS | BACHELOR OF SCIENCE (OCCUPATIONAL HEALTH & SAFETY) | BACHELOR OF RADIOGRAPHY | BACHELOR OF SCIENCE IN APPLIED ANIMAL LABORATORY SCIENCE | BACHELOR OF SCIENCE IN LABORATORY SCIENCES"
health-sciences,Health Sciences,19-5011.00,Occupational Health and Safety Specialists,11.000,health nursing nutrition dietetics laboratory medical clinical food human occupational safety radiography animal sciences midwifery reproductive cosmetology beauty,"BACHELOR OF SCIENCE (NURSING, WITH IT) | BACHELOR OF SCIENCE (MEDICAL LABORATORY SCIENCE & TECHNOLOGY) | BACHELOR OF SCIENCE CLINICAL MEDICINE | BACHELOR OF SCIENCE (FOOD NUTRITION & DIETETICS) | BACHELOR OF SCIENCE (HUMAN NUTRITION AND DIETETICS) | BACHELOR OF SCIENCE IN NUTRITION AND DIETETICS | BACHELOR OF SCIENCE (OCCUPATIONAL HEALTH & SAFETY) | BACHELOR OF RADIOGRAPHY | BACHELOR OF SCIENCE IN APPLIED ANIMAL LABORATORY SCIENCE | BACHELOR OF SCIENCE IN LABORATORY SCIENCES"
health-sciences,Health Sciences,29-2011.00,Medical and Clinical Laboratory Technologists,11.000,health nursing nutrition dietetics laboratory medical clinical food human occupational safety radiography animal sciences midwifery reproductive cosmetology beauty,"BACHELOR OF SCIENCE (NURSING, WITH IT) | BACHELOR OF SCIENCE (MEDICAL LABORATORY SCIENCE & TECHNOLOGY) | BACHELOR OF SCIENCE CLINICAL MEDICINE | BACHELOR OF SCIENCE (FOOD NUTRITION & DIETETICS) | BACHELOR OF SCIENCE (HUMAN NUTRITION AND DIETETICS) | BACHELOR OF SCIENCE IN NUTRITION AND DIETETICS | BACHELOR OF SCIENCE (OCCUPATIONAL HEALTH & SAFETY) | BACHELOR OF RADIOGRAPHY | BACHELOR OF SCIENCE IN APPLIED ANIMAL LABORATORY SCIENCE | BACHELOR OF SCIENCE IN LABORATORY SCIENCES"
health-sciences,Health Sciences,29-2012.00,Medical and Clinical Laboratory Technicians,11.000,health nursing nutrition dietetics laboratory medical clinical food human occupational safety radiography animal sciences midwifery reproductive cosmetology beauty,"BACHELOR OF SCIENCE (NURSING, WITH IT) | BACHELOR OF SCIENCE (MEDICAL LABORATORY SCIENCE & TECHNOLOGY) | BACHELOR OF SCIENCE CLINICAL MEDICINE | BACHELOR OF SCIENCE (FOOD NUTRITION & DIETETICS) | BACHELOR OF SCIENCE (HUMAN NUTRITION AND DIETETICS) | BACHELOR OF SCIENCE IN NUTRITION AND DIETETICS | BACHELOR OF SCIENCE (OCCUPATIONAL HEALTH & SAFETY) | BACHELOR OF RADIOGRAPHY | BACHELOR OF SCIENCE IN APPLIED ANIMAL LABORATORY SCIENCE | BACHELOR OF SCIENCE IN LABORATORY SCIENCES"
health-sciences,Health Sciences,11-9111.00,Medical and Health Services Managers,8.000,health nursing nutrition dietetics laboratory medical clinical food human occupational safety radiography animal sciences midwifery reproductive cosmetology beauty,"BACHELOR OF SCIENCE (NURSING, WITH IT) | BACHELOR OF SCIENCE (MEDICAL LABORATORY SCIENCE & TECHNOLOGY) | BACHELOR OF SCIENCE CLINICAL MEDICINE | BACHELOR OF SCIENCE (FOOD NUTRITION & DIETETICS) | BACHELOR OF SCIENCE (HUMAN NUTRITION AND DIETETICS) | BACHELOR OF SCIENCE IN NUTRITION AND DIETETICS | BACHELOR OF SCIENCE (OCCUPATIONAL HEALTH & SAFETY) | BACHELOR OF RADIOGRAPHY | BACHELOR OF SCIENCE IN APPLIED ANIMAL LABORATORY SCIENCE | BACHELOR OF SCIENCE IN LABORATORY SCIENCES"
health-sciences,Health Sciences,17-2111.00,"Health and Safety Engineers, Except Mining Safety Engineers and Inspectors",8.000,health nursing nutrition dietetics laboratory medical clinical food human occupational safety radiography animal sciences midwifery reproductive cosmetology beauty,"BACHELOR OF SCIENCE (NURSING, WITH IT) | BACHELOR OF SCIENCE (MEDICAL LABORATORY SCIENCE & TECHNOLOGY) | BACHELOR OF SCIENCE CLINICAL MEDICINE | BACHELOR OF SCIENCE (FOOD NUTRITION & DIETETICS) | BACHELOR OF SCIENCE (HUMAN NUTRITION AND DIETETICS) | BACHELOR OF SCIENCE IN NUTRITION AND DIETETICS | BACHELOR OF SCIENCE (OCCUPATIONAL HEALTH & SAFETY) | BACHELOR OF RADIOGRAPHY | BACHELOR OF SCIENCE IN APPLIED ANIMAL LABORATORY SCIENCE | BACHELOR OF SCIENCE IN LABORATORY SCIENCES"
health-sciences,Health Sciences,31-9096.00,Veterinary Assistants and Laboratory Animal Caretakers,8.000,health nursing nutrition dietetics laboratory medical clinical food human occupational safety radiography animal sciences midwifery reproductive cosmetology beauty,"BACHELOR OF SCIENCE (NURSING, WITH IT) | BACHELOR OF SCIENCE (MEDICAL LABORATORY SCIENCE & TECHNOLOGY) | BACHELOR OF SCIENCE CLINICAL MEDICINE | BACHELOR OF SCIENCE (FOOD NUTRITION & DIETETICS) | BACHELOR OF SCIENCE (HUMAN NUTRITION AND DIETETICS) | BACHELOR OF SCIENCE IN NUTRITION AND DIETETICS | BACHELOR OF SCIENCE (OCCUPATIONAL HEALTH & SAFETY) | BACHELOR OF RADIOGRAPHY | BACHELOR OF SCIENCE IN APPLIED ANIMAL LABORATORY SCIENCE | BACHELOR OF SCIENCE IN LABORATORY SCIENCES"
health-sciences,Health Sciences,29-9021.00,Health Information Technologists and Medical Registrars,7.000,health nursing nutrition dietetics laboratory medical clinical food human occupational safety radiography animal sciences midwifery reproductive cosmetology beauty,"BACHELOR OF SCIENCE (NURSING, WITH IT) | BACHELOR OF SCIENCE (MEDICAL LABORATORY SCIENCE & TECHNOLOGY) | BACHELOR OF SCIENCE CLINICAL MEDICINE | BACHELOR OF SCIENCE (FOOD NUTRITION & DIETETICS) | BACHELOR OF SCIENCE (HUMAN NUTRITION AND DIETETICS) | BACHELOR OF SCIENCE IN NUTRITION AND DIETETICS | BACHELOR OF SCIENCE (OCCUPATIONAL HEALTH & SAFETY) | BACHELOR OF RADIOGRAPHY | BACHELOR OF SCIENCE IN APPLIED ANIMAL LABORATORY SCIENCE | BACHELOR OF SCIENCE IN LABORATORY SCIENCES"
health-sciences,Health Sciences,19-1042.00,"Medical Scientists, Except Epidemiologists",6.000,health nursing nutrition dietetics laboratory medical clinical food human occupational safety radiography animal sciences midwifery reproductive cosmetology beauty,"BACHELOR OF SCIENCE (NURSING, WITH IT) | BACHELOR OF SCIENCE (MEDICAL LABORATORY SCIENCE & TECHNOLOGY) | BACHELOR OF SCIENCE CLINICAL MEDICINE | BACHELOR OF SCIENCE (FOOD NUTRITION & DIETETICS) | BACHELOR OF SCIENCE (HUMAN NUTRITION AND DIETETICS) | BACHELOR OF SCIENCE IN NUTRITION AND DIETETICS | BACHELOR OF SCIENCE (OCCUPATIONAL HEALTH & SAFETY) | BACHELOR OF RADIOGRAPHY | BACHELOR OF SCIENCE IN APPLIED ANIMAL LABORATORY SCIENCE | BACHELOR OF SCIENCE IN LABORATORY SCIENCES"
information-science,Information Science,15-1221.00,Computer and Information Research Scientists,9.000,science information library geospatial records informatics geomatics geo-informatics commerce computer computing knowledge geoinformation,BACHELOR OF INFORMATION TECHNOLOGY | BACHELOR OF BUSINESS INFORMATION TECHNOLOGY | BACHELOR OF SCIENCE (INFORMATION SCIENCE) | BACHELOR OF LIBRARY & INFORMATION SCIENCE | BACHELOR OF BUSINESS AND INFORMATION TECHNOLOGY | BACHELOR OF SCIENCE IN HEALTH RECORDS AND INFORMATION TECHNOLOGY | BACHELOR OF INFORMATION SCIENCE | BACHELOR OF SCIENCE (GEOSPATIAL INFORMATION SCIENCE) | BACHELOR OF SCIENCE (INFORMATICS) | BACHELOR OF SCIENCE IN GEOMATICS AND GEOSPATIAL INFORMATION SYSTEMS
information-science,Information Science,11-3021.00,Computer and Information Systems Managers,8.000,science information library geospatial records informatics geomatics geo-informatics commerce computer computing knowledge geoinformation,BACHELOR OF INFORMATION TECHNOLOGY | BACHELOR OF BUSINESS INFORMATION TECHNOLOGY | BACHELOR OF SCIENCE (INFORMATION SCIENCE) | BACHELOR OF LIBRARY & INFORMATION SCIENCE | BACHELOR OF BUSINESS AND INFORMATION TECHNOLOGY | BACHELOR OF SCIENCE IN HEALTH RECORDS AND INFORMATION TECHNOLOGY | BACHELOR OF INFORMATION SCIENCE | BACHELOR OF SCIENCE (GEOSPATIAL INFORMATION SCIENCE) | BACHELOR OF SCIENCE (INFORMATICS) | BACHELOR OF SCIENCE IN GEOMATICS AND GEOSPATIAL INFORMATION SYSTEMS
information-science,Information Science,25-1021.00,"Computer Science Teachers, Postsecondary",8.000,science information library geospatial records informatics geomatics geo-informatics commerce computer computing knowledge geoinformation,BACHELOR OF INFORMATION TECHNOLOGY | BACHELOR OF BUSINESS INFORMATION TECHNOLOGY | BACHELOR OF SCIENCE (INFORMATION SCIENCE) | BACHELOR OF LIBRARY & INFORMATION SCIENCE | BACHELOR OF BUSINESS AND INFORMATION TECHNOLOGY | BACHELOR OF SCIENCE IN HEALTH RECORDS AND INFORMATION TECHNOLOGY | BACHELOR OF INFORMATION SCIENCE | BACHELOR OF SCIENCE (GEOSPATIAL INFORMATION SCIENCE) | BACHELOR OF SCIENCE (INFORMATICS) | BACHELOR OF SCIENCE IN GEOMATICS AND GEOSPATIAL INFORMATION SYSTEMS
information-science,Information Science,25-1082.00,"Library Science Teachers, Postsecondary",8.000,science information library geospatial records informatics geomatics geo-informatics commerce computer computing knowledge geoinformation,BACHELOR OF INFORMATION TECHNOLOGY | BACHELOR OF BUSINESS INFORMATION TECHNOLOGY | BACHELOR OF SCIENCE (INFORMATION SCIENCE) | BACHELOR OF LIBRARY & INFORMATION SCIENCE | BACHELOR OF BUSINESS AND INFORMATION TECHNOLOGY | BACHELOR OF SCIENCE IN HEALTH RECORDS AND INFORMATION TECHNOLOGY | BACHELOR OF INFORMATION SCIENCE | BACHELOR OF SCIENCE (GEOSPATIAL INFORMATION SCIENCE) | BACHELOR OF SCIENCE (INFORMATICS) | BACHELOR OF SCIENCE IN GEOMATICS AND GEOSPATIAL INFORMATION SYSTEMS
life-sciences,Life Sciences,19-1029.02,Molecular and Cellular Biologists,7.000,sciences life biology biochemistry microbiology biotechnology molecular medical forensic conservation cellular industrial,BACHELOR OF SCIENCE (BIOCHEMISTRY | BACHELOR OF SCIENCE (BIOLOGY) | BACHELOR OF SCIENCE (MICROBIOLOGY) | BACHELOR OF SCIENCE (MICROBIOLOGY AND BIOTECHNOLOGY) | BACHELOR OF SCIENCE (APPLIED BIOLOGY) | BACHELOR OF SCIENCE (BIOCHEMISTRY AND MOLECULAR BIOLOGY) | BACHELOR OF SCIENCE (MEDICAL MICROBIOLOGY) | BACHELOR OF SCIENCE (CONSERVATION BIOLOGY) | BACHELOR OF SCIENCE (FORENSIC BIOLOGY) | BACHELOR OF SCIENCE (MEDICAL BIOCHEMISTRY)
physical-sciences,Physical Sciences,25-1051.00,"Atmospheric, Earth, Marine, and Space Sciences Teachers, Postsecondary",7.000,sciences physics chemistry astronomy astrophysics inorganic physical organic options technical geophysics mineralogy,"BACHELOR OF SCIENCE (CHEMISTRY) | BACHELOR OF SCIENCE (PHYSICS) | BACHELOR OF SCIENCE (ASTRONOMY AND ASTROPHYSICS) | BACHELOR OF SCIENCE CHEMISTRY ( INORGANIC, PHYSICAL AND ORGANIC OPTIONS) | BACHELOR OF SCIENCE IN APPLIED PHYSICS | BACHELOR OF TECHNOLOGY (TECHNICAL AND APPLIED PHYSICS) | BACHELOR OF SCIENCE (GEOPHYSICS AND MINERALOGY) | BACHELOR OF SCIENCE (GEOPHYSICS)"
science-general,Science (General),19-4099.00,"Life, Physical, and Social Science Technicians, All Other",8.000,general science sciences mathematical apparel fashion biotechnology animal records mgt fisheries aquaculture production physiotherapy population accountancy processing forensic medical physical therapy zoology renewable energy crop,"BACHELOR OF SCIENCE | BACHELOR OF SCIENCE (COMMUNITY HEALTH & DEVELOPMENT) | BACHELOR OF SCIENCE (PUBLIC HEALTH, WITH IT) | BACHELOR OF SCIENCE (MATHEMATICAL SCIENCES, WITH IT) | BACHELOR OF SCIENCE (APPAREL & FASHION TECHNOLOGY) | BACHELOR OF SCIENCE (BIOTECHNOLOGY) | BACHELOR OF SCIENCE (HEALTH RECORDS & INFORMATION MGT.) | BACHELOR OF SCIENCE IN FISHERIES AND AQUACULTURE | BACHELOR OF SCIENCE (COMMUNITY DEVELOPMENT) | BACHELOR OF SCIENCE (PHYSIOTHERAPY)"
science-general,Science (General),25-1022.00,"Mathematical Science Teachers, Postsecondary",8.000,general science sciences mathematical apparel fashion biotechnology animal records mgt fisheries aquaculture production physiotherapy population accountancy processing forensic medical physical therapy zoology renewable energy crop,"BACHELOR OF SCIENCE | BACHELOR OF SCIENCE (COMMUNITY HEALTH & DEVELOPMENT) | BACHELOR OF SCIENCE (PUBLIC HEALTH, WITH IT) | BACHELOR OF SCIENCE (MATHEMATICAL SCIENCES, WITH IT) | BACHELOR OF SCIENCE (APPAREL & FASHION TECHNOLOGY) | BACHELOR OF SCIENCE (BIOTECHNOLOGY) | BACHELOR OF SCIENCE (HEALTH RECORDS & INFORMATION MGT.) | BACHELOR OF SCIENCE IN FISHERIES AND AQUACULTURE | BACHELOR OF SCIENCE (COMMUNITY DEVELOPMENT) | BACHELOR OF SCIENCE (PHYSIOTHERAPY)"
science-general,Science (General),29-2072.00,Medical Records Specialists,8.000,general science sciences mathematical apparel fashion biotechnology animal records mgt fisheries aquaculture production physiotherapy population accountancy processing forensic medical physical therapy zoology renewable energy crop,"BACHELOR OF SCIENCE | BACHELOR OF SCIENCE (COMMUNITY HEALTH & DEVELOPMENT) | BACHELOR OF SCIENCE (PUBLIC HEALTH, WITH IT) | BACHELOR OF SCIENCE (MATHEMATICAL SCIENCES, WITH IT) | BACHELOR OF SCIENCE (APPAREL & FASHION TECHNOLOGY) | BACHELOR OF SCIENCE (BIOTECHNOLOGY) | BACHELOR OF SCIENCE (HEALTH RECORDS & INFORMATION MGT.) | BACHELOR OF SCIENCE IN FISHERIES AND AQUACULTURE | BACHELOR OF SCIENCE (COMMUNITY DEVELOPMENT) | BACHELOR OF SCIENCE (PHYSIOTHERAPY)"
science-general,Science (General),15-2099.00,"Mathematical Science Occupations, All Other",7.000,general science sciences mathematical apparel fashion biotechnology animal records mgt fisheries aquaculture production physiotherapy population accountancy processing forensic medical physical therapy zoology renewable energy crop,"BACHELOR OF SCIENCE | BACHELOR OF SCIENCE (COMMUNITY HEALTH & DEVELOPMENT) | BACHELOR OF SCIENCE (PUBLIC HEALTH, WITH IT) | BACHELOR OF SCIENCE (MATHEMATICAL SCIENCES, WITH IT) | BACHELOR OF SCIENCE (APPAREL & FASHION TECHNOLOGY) | BACHELOR OF SCIENCE (BIOTECHNOLOGY) | BACHELOR OF SCIENCE (HEALTH RECORDS & INFORMATION MGT.) | BACHELOR OF SCIENCE IN FISHERIES AND AQUACULTURE | BACHELOR OF SCIENCE (COMMUNITY DEVELOPMENT) | BACHELOR OF SCIENCE (PHYSIOTHERAPY)"
science-general,Science (General),19-4092.00,Forensic Science Technicians,7.000,general science sciences mathematical apparel fashion biotechnology animal records mgt fisheries aquaculture production physiotherapy population accountancy processing forensic medical physical therapy zoology renewable energy crop,"BACHELOR OF SCIENCE | BACHELOR OF SCIENCE (COMMUNITY HEALTH & DEVELOPMENT) | BACHELOR OF SCIENCE (PUBLIC HEALTH, WITH IT) | BACHELOR OF SCIENCE (MATHEMATICAL SCIENCES, WITH IT) | BACHELOR OF SCIENCE (APPAREL & FASHION TECHNOLOGY) | BACHELOR OF SCIENCE (BIOTECHNOLOGY) | BACHELOR OF SCIENCE (HEALTH RECORDS & INFORMATION MGT.) | BACHELOR OF SCIENCE IN FISHERIES AND AQUACULTURE | BACHELOR OF SCIENCE (COMMUNITY DEVELOPMENT) | BACHELOR OF SCIENCE (PHYSIOTHERAPY)"
science-general,Science (General),19-4013.00,Food Science Technicians,6.000,general science sciences mathematical apparel fashion biotechnology animal records mgt fisheries aquaculture production physiotherapy population accountancy processing forensic medical physical therapy zoology renewable energy crop,"BACHELOR OF SCIENCE | BACHELOR OF SCIENCE (COMMUNITY HEALTH & DEVELOPMENT) | BACHELOR OF SCIENCE (PUBLIC HEALTH, WITH IT) | BACHELOR OF SCIENCE (MATHEMATICAL SCIENCES, WITH IT) | BACHELOR OF SCIENCE (APPAREL & FASHION TECHNOLOGY) | BACHELOR OF SCIENCE (BIOTECHNOLOGY) | BACHELOR OF SCIENCE (HEALTH RECORDS & INFORMATION MGT.) | BACHELOR OF SCIENCE IN FISHERIES AND AQUACULTURE | BACHELOR OF SCIENCE (COMMUNITY DEVELOPMENT) | BACHELOR OF SCIENCE (PHYSIOTHERAPY)"
science-general,Science (General),19-4042.00,"Environmental Science and Protection Technicians, Including Health",6.000,general science sciences mathematical apparel fashion biotechnology animal records mgt fisheries aquaculture production physiotherapy population accountancy processing forensic medical physical therapy zoology renewable energy crop,"BACHELOR OF SCIENCE | BACHELOR OF SCIENCE (COMMUNITY HEALTH & DEVELOPMENT) | BACHELOR OF SCIENCE (PUBLIC HEALTH, WITH IT) | BACHELOR OF SCIENCE (MATHEMATICAL SCIENCES, WITH IT) | BACHELOR OF SCIENCE (APPAREL & FASHION TECHNOLOGY) | BACHELOR OF SCIENCE (BIOTECHNOLOGY) | BACHELOR OF SCIENCE (HEALTH RECORDS & INFORMATION MGT.) | BACHELOR OF SCIENCE IN FISHERIES AND AQUACULTURE | BACHELOR OF SCIENCE (COMMUNITY DEVELOPMENT) | BACHELOR OF SCIENCE (PHYSIOTHERAPY)"
social-sciences,Social Sciences,25-1069.00,"Social Sciences Teachers, Postsecondary, All Other",8.000,sciences psychology social work medical administration conflict resolution humanitairan assistance counseling justice peace,BACHELOR OF PSYCHOLOGY | BACHELOR OF SOCIAL WORK | BACHELOR OF SOCIAL WORK AND ADMINISTRATION | BACHELOR OF CONFLICT RESOLUTION AND HUMANITAIRAN ASSISTANCE | BACHELOR OF COUNSELING PSYCHOLOGY | BACHELOR OF SCIENCE (MEDICAL PSYCHOLOGY) | BACHELOR OF SCIENCE (MEDICAL SOCIAL WORK) | BACHELOR OF JUSTICE AND PEACE
social-sciences,Social Sciences,25-1113.00,"Social Work Teachers, Postsecondary",8.000,sciences psychology social work medical administration conflict resolution humanitairan assistance counseling justice peace,BACHELOR OF PSYCHOLOGY | BACHELOR OF SOCIAL WORK | BACHELOR OF SOCIAL WORK AND ADMINISTRATION | BACHELOR OF CONFLICT RESOLUTION AND HUMANITAIRAN ASSISTANCE | BACHELOR OF COUNSELING PSYCHOLOGY | BACHELOR OF SCIENCE (MEDICAL PSYCHOLOGY) | BACHELOR OF SCIENCE (MEDICAL SOCIAL WORK) | BACHELOR OF JUSTICE AND PEACE
social-sciences,Social Sciences,19-3033.00,Clinical and Counseling Psychologists,6.000,sciences psychology social work medical administration conflict resolution humanitairan assistance counseling justice peace,BACHELOR OF PSYCHOLOGY | BACHELOR OF SOCIAL WORK | BACHELOR OF SOCIAL WORK AND ADMINISTRATION | BACHELOR OF CONFLICT RESOLUTION AND HUMANITAIRAN ASSISTANCE | BACHELOR OF COUNSELING PSYCHOLOGY | BACHELOR OF SCIENCE (MEDICAL PSYCHOLOGY) | BACHELOR OF SCIENCE (MEDICAL SOCIAL WORK) | BACHELOR OF JUSTICE AND PEACE
social-sciences,Social Sciences,21-1093.00,Social and Human Service Assistants,6.000,sciences psychology social work medical administration conflict resolution humanitairan assistance counseling justice peace,BACHELOR OF PSYCHOLOGY | BACHELOR OF SOCIAL WORK | BACHELOR OF SOCIAL WORK AND ADMINISTRATION | BACHELOR OF CONFLICT RESOLUTION AND HUMANITAIRAN ASSISTANCE | BACHELOR OF COUNSELING PSYCHOLOGY | BACHELOR OF SCIENCE (MEDICAL PSYCHOLOGY) | BACHELOR OF SCIENCE (MEDICAL SOCIAL WORK) | BACHELOR OF JUSTICE AND PEACE
